{
  "version": 1,
  "author": "Anonymous maker",
  "editor": "wokwi",
  "parts": [
    {
      "type": "wokwi-pi-pico",
      "id": "pico",
      "top": 0,
      "left": 0,
      "attrs": { "env": "micropython-20241129-v1.24.1" }
    },
    {
      "type": "wokwi-led",
      "id": "led1",
      "top": -51.6,
      "left": -44.2,
      "attrs": { "color": "white", "flip": "" }
    },
    { "type": "wokwi-relay-module", "id": "relay1", "top": 86.6, "left": 105.6, "attrs": {} },
    { "type": "wokwi-servo", "id": "servo1", "top": -78.8, "left": 124.8, "attrs": {} },
    {
      "type": "wokwi-text",
      "id": "text1",
      "top": -105.6,
      "left": -48,
      "attrs": { "text": "Semaphore\nLight" }
    },
    {
      "type": "wokwi-text",
      "id": "text2",
      "top": -105.6,
      "left": 201.6,
      "attrs": { "text": "Semaphore\nServo" }
    }
  ],
  "connections": [
    [ "led1:C", "pico:GND.1", "black", [ "h0.4", "v41.55" ] ],
    [ "led1:A", "pico:GP1", "orange", [ "v28.8", "h25.2" ] ],
    [ "pico:GND.8", "servo1:GND", "black", [ "h24", "v-22.35" ] ],
    [ "servo1:PWM", "pico:GP0", "orange", [ "h-19.2", "v0.2", "h-99.6" ] ],
    [ "pico:GP2", "relay1:IN", "orange", [ "h-15.6", "v179.25", "h115.2" ] ],
    [ "servo1:V+", "relay1:NO", "green", [ "h-9.6", "v67.3", "h144", "v78.6" ] ],
    [ "pico:VBUS", "relay1:VCC", "red", [ "h0" ] ],
    [ "relay1:VCC", "relay1:COM", "red", [ "v-38.4", "h134.4", "v49.4" ] ],
    [ "relay1:GND", "pico:GND.6", "black", [ "h-9.6", "v12.35" ] ]
  ],
  "dependencies": {}
}